{
  "floc": {
    "k": 7,
    "sse": 2112456.36371314,
    "loss": 162419.83239445032
  }
}